NOTE: All directories are updated daily using information from the previous business day.,
Company Name,Stock Symbol
ALCOA INC,AA
AMERICAN AIRLINES GROUP INC.,AAL
APPLE INC COM STK,AAPL
ABBVIE INC.,ABBV
ABBOTT LABORATORIES,ABT
BARRICK GOLD CORP,ABX
ACADIA PHARMACEUTICALS INC,ACAD
ACHILLION PHARMACEUTICALS  INC.,ACHN
ACCENTURE PLC,ACN
ARCHER DANIELS MIDLAND CO,ADM
AMER EAGLE OUTFITTER INC NEW,AEO
AETNA INC.(NEW),AET
ALLERGAN PLC,AGN
AMERICAN CAPITAL AGENCY CORP.,AGNC
PROSHARES ULTRA SILVER,AGQ
AGRIUM INC.,AGU
AMERICAN INTL GROUP INC,AIG
AKAMAI TECHNOLOGIES INC,AKAM
AK STEEL HOLDING CORP,AKS
ALEXION PHARMACEUTICALS INC,ALXN
APPLIED MATERIALS INC,AMAT
AMBARELLA INC,AMBA
ADVANCED MICRO DEVICES  INC.,AMD
AMGEN INC,AMGN
JP MORGAN ALERIAN MLP 5/24/24,AMJ
ALERIAN MLP ETF,AMLP
AMARIN CORP PLC ADS,AMRN
AMERICAN TOWER CORP,AMT
AMAZON COM INC,AMZN
ABERCROMBIE & FITCH CO CL-A,ANF
ANTHEM  INC.,ANTM
APACHE CORP,APA
ANADARKO PETROLEUM CORP,APC
ARIAD PHARMACEUTICALS INC,ARIA
ARENA PHARMACEUTICALS  INC.,ARNA
DB X-TRACKERS HARVEST CSI 300 CHINA A-SH,ASHR
ATHENAHEALTH  INC.,ATHN
ACTIVISION BLIZZARD  INC.,ATVI
YAMANA GOLD INC,AUY
BROADCOM LIMITED,AVGO
AVON PRODUCTS INC,AVP
AMERICAN EXPRESS COMPANY,AXP
ASTRAZENECA PLC,AZN
BOEING CO,BA
ALIBABA GROUP HOLDING LIMITED,BABA
BANK OF AMERICA CORP,BAC
BAXTER INTERNATIONAL INC,BAX
BED BATH & BEYOND INC,BBBY
BLACKBERRY LIMITED,BBRY
BEST BUY CO INC,BBY
BAKER HUGHES INC,BHI
BAIDU  INC - ADR,BIDU
BIOGEN IDEC INC,BIIB
THE BANK OF NEW YORK MELLON CORPORATION,BK
BRISTOL MYERS SQUIBB COMPANY,BMY
BP PLC ADS(RP 6 ORD),BP
BERKSHIRE HATHAWAY DE - CL B,BRKB
THE BLACKSTONE GROUP L.P.,BX
CITIGROUP,C
CAL-MAINE FOODS INC,CALM
CATERPILLAR INC,CAT
CHICAGO BRIDGE&IRON N.V. (NEW),CBI
CBS CORPORATION CLASS B COM NEW,CBS
CAMECO CORP,CCJ
CELGENE CORPORATION,CELG
CF INDUSTRIES HOLDINGS  INC.,CF
CHESAPEAKE ENERGY CORP,CHK
CHARTER COMMUNICATIONS INC (A),CHTR
CIENA CORP COM NEW,CIEN
COLGATE-PALMOLIVE CO,CL
CLIFFS NATURAL RESOURCES,CLF
COMCAST CORP CL A (NEW),CMCSA
CME GROUP  INC.,CME
CHIPOLTE MEXICAN GRILL  INC. CL A,CMG
CUMMINS INC,CMI
CAPITAL ONE FINANCIAL CORP,COF
COACH INC.,COH
CONOCOPHILLIPS,COP
COSTCO WHOLESALE CORP-NEW,COST
COTY INC.,COTY
CREE INC,CREE
SALESFORCE.COM INC,CRM
CIRRUS LOGIC INC,CRUS
CISCO SYSTEMS INC,CSCO
CANADIAN SOLAR  INC.,CSIQ
CTRIP COM INTL LTD (KY),CTRP
COGNIZANT TECH SOLUTIONS CORP CL A,CTSH
CVS HEALTH CORPORATION,CVS
CHEVRON CORPORATION,CVX
CYBERARK SOFTWARE LIMITED,CYBR
COMMUNITY HEALTH SYSTEMS  INC,CYH
CAESARS ENTERTAINMENT CORP,CZR
DELTA AIR LINES  INC.,DAL
TABLEAU SOFTWARE INC,DATA
DU PONT DE NEMOURS E I &CO,DD
3-D SYSTEMS CORP,DDD
DEERE & CO,DE
DECKERS OUTDOOR CORP,DECK
DISCOVER FINANCIAL SERVICES,DFS
DOLLAR GENERAL CORP,DG
DR HORTON INC,DHI
SPDR DOW JONES IND AV ETF TRUST,DIA
WALT DISNEY CO-DISNEY COMMON,DIS
DISH NETWORK CORPORATION CL A,DISH
DOW JONES INDUSTRIAL AVERAGE INDEX,DJX
DOW CHEMICAL CO,DOW
DAILY GOLD MINERS BEAR 3X SHARES,DUST
DEVON ENERGY CORP (NEW),DVN
WISDOM JPN HEDGED EQ FUND,DXJ
ELECTRONIC ARTS INC,EA
EBAY INC,EBAY
ISHARES MSCI EMERGING MARKETS ETF,EEM
ISHARES TR MSCI EAFE INDEX FD,EFA
EMERGE ENERGY SERVICES LP,EMES
ENDO INTERNATIONAL PLC,ENDP
EOG RESOURCES INC,EOG
ENTERPRISE PRODS PARTNERS LP,EPD
WISDOM TREE INDIA EARNINGS FUND,EPI
DIREXIONSHARES ENERGY BULL 3X SHARES,ERX
EXPRESS SCRIPTS HOLDING CO,ESRX
ENERGY TRANSFER EQUITY L.P.,ETE
E*TRADE FINANCIAL CORPORATION,ETFC
EATON CORP,ETN
ISHARES MSCI GERMANY ETF,EWG
ISHARES MSCI JAPAN ETF,EWJ
ISHARES MSCI USA ETF,EWU
ISHARES MSCI MEXICO CAPPED ETF,EWW
ISHARES MSCI BRAZIL CAPPED ETF,EWZ
EXPEDIA  INC.,EXPE
FORD MOTOR CO(NEW),F
DIREXIONSHARES FINANCIAL BULL 3X SHARES,FAS
DIREXIONSHARES FINANCIAL BEAR 3X SHARES,FAZ
FACEBOOK INC,FB
FREEPORT-MCMORAN INC.,FCX
FEDEX CORPORATION,FDX
FIREEYE INC,FEYE
SPDR EURO STOXX 50 ETF,FEZ
F5 NETWORKS INC,FFIV
FITBIT INC.,FIT
FLUOR CORPORATION (NEW),FLR
FOSSIL GROUP  INC.,FOSL
TWENTY-FIRST CENTURY FOX  INC,FOXA
FIRST SOLAR  INC.,FSLR
CURRENCY SHARES EURO TRUST,FXE
ISHARES CHINA LARGE-CAP ETF,FXI
CURRENCY SHARES JAPANESE YEN TRUST,FXY
GALENA BIOPHARMA  INC,GALE
VANECK VECTORS GOLD MINERS ETF,GDX
VANECK VECTORS JUNIOR GOLD MINERS ETF,GDXJ
GENERAL ELECTRIC CO,GE
GOLDCORP INC.,GG
GILEAD SCIENCES INC,GILD
SPDR GOLD TRUST,GLD
CORNING INCORPORATED,GLW
GENERAL MOTORS COMPANY,GM
GAMESTOP CORP (HLDG CO) CL A,GME
GENWORTH FINANCIAL INC CL A,GNW
GOGO INC.,GOGO
ALPHABET INC. - CLASS C,GOOG
ALPHABET INC. CLASS A,GOOGL
GOPRO INC.,GPRO
GAP INC (THE),GPS
GLOBAL X FTSE GREECE 20 ETF,GREK
GROUPON,GRPN
GOLDMAN SACHS GROUP INC,GS
GLAXOSMITHKLINE PLC ADS,GSK
GOODYEAR TIRE & RUBBER CO,GT
PUREFUNDS ISE CYBER SECURITY ETF,HACK
HALLIBURTON CO (HOLDING CO),HAL
HASBRO INC,HAS
HCA HOLDINGS INC,HCA
HOME DEPOT INC,HD
WISDOMTREE INTL HDGD EQTY,HEDJ
HESS CORPORATION,HES
HOLLYFRONTIER CORPORATION,HFC
HARTFORD FIN SER GP INC,HIG
HIMAX TECHNOLOGIES INC,HIMX
HALCON RESOURCES CORPORATION,HK
HERBALIFE LTD,HLF
STARWOOD HOTELS & RESORTS WORLDWIDE,HOT
HEWLETT PACKARD ENTERPRISE COMPANY,HPE
HP INC.,HPQ
HSBC HOLD PLC ADS (REP 5 ORD),HSBC
THE HERSHEY COMPANY,HSY
HUMANA INC,HUM
ISHARES IBOXX HIGH YIELD CORPORATE BOND,HYG
ISHARES COMEX GOLD TRUST,IAU
ISHARES NASDAQ BIOTECHNOLOGY  ETF,IBB
INTL BUSINESS MACHINES CORP,IBM
INTERCEPT PHARMACEUTICALS INC,ICPT
INTERVAL LEISURE GROUP  INC,IILG
ILLUMINA INC.,ILMN
INFINERA CORP,INFN
INTEL CORP,INTC
INVENSENSE INC,INVN
INTEROIL CORP (F),IOC
IONIS PHARMACEUTICALS  INC.,IONS
INTERNATIONAL PAPER CO,IP
INTUITIVE SURGICAL INC,ISRG
ISHARES US HOME CONSTRUCTION ETF,ITB
ISHARES RUSSELL 2000 INDEX,IWM
ISHARES DJ US REAL EST IDX FD,IYR
JAZZ PHARMACEUTICALS PLC,JAZZ
PENNEY J.C. CO INC (HOLDING COMPANY,JCP
JD.COM INC.,JD
JOHNSON AND JOHNSON,JNJ
JUNIPER NETWORKS INC,JNPR
DIREXION DAILY JR GOLD MINERS INDEX BULL,JNUG
JOY GLOBAL INC,JOY
JPMORGAN CHASE & CO COM STK,JPM
KINROSS GOLD CORP NEW,KGC
KINDER MORGAN INC (DELAWARE),KMI
KANDI TECHNOLOGIES CORP,KNDI
COCA-COLA CO,KO
MICHAEL KORS HOLDINGS LTD,KORS
SPDR S&P MORTGAGE FINANCE ETF,KRE
KANSAS CITY SOUTHERN,KSU
LEIDOS HOLDINGS  INC,LDOS
LUMBER LIQUIDATORS HOLDINGS  INC.,LL
LILLY ELI & CO,LLY
LOCKHEED MARTIN CORP,LMT
CHENIERE ENERGY INC,LNG
LINKEDIN CORP,LNKD
EL POLLO LOCO HOLDINGS INC.,LOCO
LOWES COMPANIES INC,LOW
LULULEMON ATHLETICA  INC.,LULU
SOUTHWEST AIRLINES CO,LUV
LAS VEGAS SANDS CORP,LVS
MACY''S INC.,M
MASTERCARD INCORPORATED CL A COM,MA
MARRIOTT INT''L INC(NEW) CL A,MAR
MATTEL INC,MAT
MBIA INC,MBI
MOBILEYE NV,MBLY
MCDONALDS CORP,MCD
MONDELEZ INTERNATIONAL  INC.,MDLZ
MEDTRONIC INC,MDT
MEDIVATION INC.,MDVN
S&P MIDCAP SPDR (ETF),MDY
METLIFE  INC,MET
MGM RESORTS INTERNATIONAL,MGM
3M COMPANY,MMM
MALLINCKRODT  PLC,MNK
MANNKIND CORP,MNKD
MONSTER BEVERAGE CORPORATION,MNST
ALTRIA GROUP INC.,MO
MOMO INC.,MOMO
MONSANTO COMPANY,MON
MOSAIC COMPANY,MOS
MARATHON PETROLEUM CORPORATION,MPC
MELCO CROWN ENTERTAINMENT,MPEL
MERCK & CO INC,MRK
MARATHON OIL CORP,MRO
MARVELL TECH GROUP LTD,MRVL
MORGAN STANLEY,MS
MICROSOFT CORP,MSFT
ARCELOR MITTAL NY REGISTRY SHS CL-A,MT
MGIC INVESTMENT CORP,MTG
MICRON TECHNOLOGY INC,MU
MYRIAD GENETICS INC,MYGN
MYLAN  INC.,MYL
NAVISTAR INTERNATIONAL INC.,NAV
NASDAQ - 100 INDEX,NDX
NOBLE CORPORATION PLC,NE
NEWMONT MINING CORP (HOLDING COMPAN,NEM
NETFLIX COM INC,NFLX
NIKE INC CL-B,NKE
ANNALY CAPITAL MANAGEMENT  INC,NLY
NORTHROP GRUMMAN CP (HLDG CO),NOC
NOKIA CORP ADS (REP 1 SHARE),NOK
NATIONAL OILWELL VARCO  INC.,NOV
SERVICENOW INC.,NOW
NQ MOBILE INC.,NQ
NORFOLK SOUTHERN CORP,NSC
NETAPP  INC,NTAP
NETEASE  INC,NTES
NUCOR CORP,NUE
DAILY GOLD MINERS BULL 3X SHARES,NUGT
NU SKIN ENTERPRISES INC CL-A,NUS
NVIDIA CORP,NVDA
NXP SEMICONDUCTOR N.V,NXPI
S&P 100 INDEX,OEX
VANECK VECTORS OIL SERVICE ETF,OIH
ONEOK INC (NEW),OKE
OLIN CORP NEW,OLN
OPKO HEALTH  INC.,OPK
ORACLE CORPORATION,ORCL
OUTERWALL INC.,OUTR
OCCIDENTAL PETROLEUM CORP,OXY
PANDORA MEDIA INC,P
PALO ALTO NETWORKS INC.,PANW
PETRO BRAS SA PETROBAS ADS (EA REPT,PBR
PUMA BIOTECHNOLOGY  INC.,PBYI
PRICELINE GROUP INC/THE,PCLN
PEPSICO INC,PEP
PFIZER INC,PFE
PROCTER & GAMBLE CO,PG
PULTEGROUP  INC,PHM
PLUG POWER INC,PLUG
PHILIP MORRIS INTERNATIONAL  INC.,PM
POTASH CORP SASKATCHEWAN,POT
PERRIGO CO PLC,PRGO
PHILLIPS 66,PSX
PIONEER NAT RES CO,PXD
PAYPAL HOLDINGS  INC.,PYPL
QUALCOMM INC,QCOM
POWERSHARES QQQ TRUST  SERIES 1,QQQ
FERRARI N.V.,RACE
RITE AID CORPORATION,RAD
RACKSPACE HOSTING  INC. COM,RAX
ROYAL DUTCH SHELL,RDSA
REGENERON PHARMACEUTICALS INC,REGN
RESTORATION HARDWARE HOLDINGS  INC.,RH
RED HAT INC,RHT
TRANSOCEAN LTD.,RIG
RALPH LAUREN CORPORATION,RL
VANECK VECTORS RUSSIA ETF,RSX
SPRINT CORPORATION,S
STARBUCKS CORPORATION,SBUX
SCHWAB CHARLES CORP,SCHW
PROSHARES ULTRASHORT DJ-AIG CRUDE OIL,SCO
SOLARCITY CORPORATION,SCTY
SEADRILL LTD,SDRL
PROSHARES TR ULTRASHORT S&P 500,SDS
SOUFUN HOLDINGS LIMITED,SFUN
SHAKE SHACK INC.,SHAK
SEARS HOLDINGS  CORP,SHLD
SHIRE PLC ADS,SHPG
SIRIUS XM HOLDINGS INC.,SIRI
SKECHERS USA INC,SKX
SCHLUMBERGER LTD,SLB
ISHARES SILVER TRUST,SLV
SILVER WHEATON CORP,SLW
SONY CORP ADR,SNE
SODASTREAM INTERNATIONAL LTD,SODA
SPLUNK INC.,SPLK
STAPLES INC,SPLS
SUNPOWER CORPORATION,SPWR
S&P 500 INDEX,SPX
S&P DEPOSITORY RECEIPTS (SPDRS),SPY
SAREPTA THERAPEUTICS  INC.,SRPT
PROSHARES ULTRA S&P 500,SSO
STRATASYS INC,SSYS
STAMPS.COM INC,STMP
SEAGATE TECHNOLOGY,STX
SUNCOR ENERGY INC,SU
PROSH SHORT VIX SHORT-TERM FUTURES ETF,SVXY
SKYWORKS SOLUTIONS INC,SWKS
SYNCHRONY FINANCIAL,SYF
SYMANTEC CORP,SYMC
SYNAPTICS INCORPORATED,SYNA
AT&T INC. COM,T
TASER INTERNATIONAL INC,TASR
PROSHARES ULTRASHORT LEHMAN 20+YR T,TBT
TECK RESOURCES LTD.,TCK
TERRAFORM POWER INC.,TERP
TEVA PHARMACEUTCL INDS ADR,TEVA
TARGET CORPORATION,TGT
TENET HEALTHCARE CORPORATION,THC
TIFFANY & CO,TIF
ISHARES 20+ YEAR TREASURY BOND ETF,TLT
T-MOBILE US  INC,TMUS
DIREXIONSHARES SMALL CAP BULL 3X SHARES,TNA
TOLL BROTHERS INC,TOL
PROSHARES ULTRAPRO QQQ,TQQQ
TRIPADVISOR INC,TRIP
TRINITY INDUSTRIES,TRN
TESLA MOTORS INC,TSLA
TYSON FOODS INC CL A,TSN
TESORO CORPORATION,TSO
TATA MOTORS LTD.,TTM
TWILIO INC.,TWLO
TWITTER  INC,TWTR
TIME WARNER INC.,TWX
TEXAS INSTRUMENTS INC.,TXN
DIREXIONSHARES SMALL CAP BEAR 3X SHARES,TZA
UNDER ARMOUR  INC.,UA
UNDER ARMOUR  INC.,UAC
UNITED CONTINENTAL HOLDING  INC.,UAL
PROSHARES ULTRA BLOOMBERG CRUDE OIL,UCO
ULTA SALON  COSEMETICS & FRAGRANCE  INC.,ULTA
UNITED STATES NATURAL GAS FUND,UNG
UNITEDHEALTH GROUP INC,UNH
UNION PACIFIC CORPORATION,UNP
PROSHARES ULTRAPRO S&P 500,UPRO
UNITED PARCEL SERVICE INC.CL B,UPS
URBAN OUTFITTERS INC,URBN
UNITED RENTALS INC,URI
U.S.BANCORP (NEW),USB
UNITED STATES OIL FUND,USO
UNITED TECHNOLOGIES CORP,UTX
POWER SHARES DB US DOLLAR BULLISH FUND,UUP
PROSH ULTRA VIX SHORT-TERM FUTURES ETF,UVXY
VISA  INC.,V
VALE S.A.,VALE
VEREIT INC,VER
VIACOM CLASS B,VIAB
VIPSHOP HOLDINGS LTD,VIPS
CBOE VOLATILITY INDEX,VIX
PROSHARES VIX SHORT-TERM FUTURES ETF,VIXY
VALERO ENERGY CORP (NEW),VLO
VMWARE  INC.,VMW
21VIANET GROUP INC.,VNET
VODAFONE GROUP PLC (REPTSG 10 ORD S,VOD
VERTEX PHARMACEUTICALS INC,VRTX
VALEANT PHARMACEUTICALS INTL  INC,VRX
VANGUARD EMERGING MARKETS ETF,VWO
IPATH S&P 500 VIX SH-TM FT,VXX
IPATH S&P 500 VIX MD-TM FT,VXZ
VERIZON COMMUNICATIONS,VZ
WAYFAIR  INC.,W
WALGREENS BOOTS ALLIANCE INC.,WBA
WORKDAY INC.,WDAY
WESTERN DIGITAL CORP,WDC
WELLS FARGO & CO(NEW),WFC
WHOLE FOODS MKT INC,WFM
WEATHERFORD INTL LTD (BERMUDA),WFT
WHIRLPOOL CORPORATION,WHR
WHITING PETROLEUM CORP,WLL
WILLIAMS COMPANIES,WMB
WAL-MART STORES INC,WMT
WEIGHT WATCHERS INTERNATIONAL  INC.,WTW
WEYERHAEUSER COMPANY,WY
WYNN RESORTS LTD,WYNN
UNITED STATES STEEL CP,X
SPDR (R) BIOTECH ETF,XBI
S&P 100 INDEX EUROPEAN EXERCISE,XEO
SPDR S&P HOMEBUILDERS ETF,XHB
SELECT SECTOR SPDR FD-MATERIALS,XLB
ENERGY SECTOR SPDR,XLE
FINANCIAL SECTOR SPDR,XLF
INDUSTRIAL SECTOR SPDR,XLI
TECHNOLOGY SECTOR SPDR,XLK
XILINX INC,XLNX
CONSUMER STAPLES SECTOR SPDR,XLP
UTILITIES SECTOR SPDR,XLU
SELECT SECTOR SPDR FUND-HEALTH CARE,XLV
SELECT SECTOR SPDR-CONSUMER DISRETI,XLY
SPDR  S&P METALS & MINING ETF,XME
EXXON MOBIL CORPORATION,XOM
INTREXON CORPORATION,XON
P OIL & GAS EXPLORATION & PRODUCTION ETF,XOP
SPDR S&P RETAIL ETF,XRT
CBOE MINI SPX INDEX OPTIONS- NEW XSP PM,XSP
DIREXION DAILY CHINA BEAR 3X SHARES,YANG
YELP  INC,YELP
YAHOO INC,YHOO
YANDEX N.V. (A),YNDX
YPF SOCIODAD ANONIMA,YPF
YUM BRANDS  INC,YUM
YY INC,YY
ZILLOW GROUP INC. CLASS C,Z
ZILLOW GROUP  INC.,ZG
ZYNGA INC,ZNGA
ZOETIS INC.,ZTS
